prenom,nom,email,password,business,country,address,city,zip,state,phone_cc,phone
Michelle,Cross,MichelleCross7127@outlook.com,cjxaul512661,Michelle Cross Studio,Belgium,440 Park Rd,Antwerp,2000,Flanders,+32,6879771869
Paul,Weeks,PaulWeeks8864@outlook.com,ivmphw1157,Paul Weeks Dev,Spain,976 Pine St,Madrid,28001,Madrid,+34,9173313208
April,Lewis,AprilLewis3109@outlook.com,emiemmpx77925,April Lewis Dev,Germany,817 Hill Rd,Hamburg,20095,Hamburg,+49,7137344529
Xavier,Rodriguez,XavierRodriguez6875@outlook.com,pruc1837298,Xavier Rodriguez Cloud,United Kingdom,203 Queen St,London,SW1A 1AA,England,+44,7903903164
Sarah,Stephens,SarahStephens7812@outlook.com,iyqunney53631,Sarah Stephens Creative,United Kingdom,181 Park Rd,London,SW1A 1AA,England,+44,4620444413
Robert,Obrien,RobertObrien2072@outlook.com,tlpo58837,Robert Obrien Solutions,Belgium,92 Spring St,Brussels,1000,Brussels,+32,1799871082
Troy,Stewart,TroyStewart5938@outlook.com,apcb840635,Troy Stewart Mobile,Poland,63 Elm St,Warsaw,00-001,Masovia,+48,8444051821
Kevin,Cole,KevinCole9842@outlook.com,pnynsqbr68817,Kevin Cole Works,Sweden,411 Elm St,Stockholm,111 22,Stockholm,+46,5935481276
Jeffrey,King,JeffreyKing8918@outlook.com,hkgfejhs45321,Jeffrey King Apps,United Kingdom,867 Spring St,Birmingham,B1 1AA,England,+44,2289767375
Michelle,Zuniga,MichelleZuniga3526@outlook.com,ybtwx446687,Michelle Zuniga Apps,Sweden,560 Oak Ave,Stockholm,111 22,Stockholm,+46,3156123551
Eric,Andrews,EricAndrews8566@outlook.com,lczbwa8394,Eric Andrews Works,Sweden,516 Main St,Stockholm,111 22,Stockholm,+46,4129243177
Morgan,Goodwin,MorganGoodwin3768@outlook.com,clel9134610,Morgan Goodwin Tech,United Kingdom,991 Spring St,Birmingham,B1 1AA,England,+44,9163185080
Tamara,Cruz,TamaraCruz5992@outlook.com,wefpjglf7060,Tamara Cruz Software,France,869 King St,Marseille,13001,Provence,+33,6248131797
Katelyn,Shields,KatelynShields9847@outlook.com,wpljded515478,Katelyn Shields Apps,United Kingdom,80 Hill Rd,London,SW1A 1AA,England,+44,8785988648
Mark,Freeman,MarkFreeman7268@outlook.com,apbyyrm5661568,Mark Freeman Apps,France,143 Main St,Marseille,13001,Provence,+33,4248314222
John,Everett,JohnEverett8982@outlook.com,wdwdsc161453,John Everett Games,Spain,906 Market St,Barcelona,08001,Catalonia,+34,5335154157
Kristin,Fernandez,KristinFernandez6907@outlook.com,jswen9702,Kristin Fernandez Creative,France,255 Forest Ave,Lyon,69001,Rhone-Alpes,+33,0648008364
Heidi,Watson,HeidiWatson3314@outlook.com,evye8498,Heidi Watson Solutions,Spain,994 Forest Ave,Barcelona,08001,Catalonia,+34,0339936450
James,Mccullough,JamesMccullough8190@outlook.com,zdrtqi66929,James Mccullough Digital,France,943 Maple Dr,Marseille,13001,Provence,+33,4004122453
Kenneth,Collins,KennethCollins8282@outlook.com,vebwng274829,Kenneth Collins Lab,Germany,340 Station Rd,Hamburg,20095,Hamburg,+49,0829618311
Barbara,Jones,BarbaraJones3435@outlook.com,pqrmqvrh5723,Barbara Jones Apps,Germany,943 Oak Ave,Berlin,10115,Berlin,+49,5782505144
Courtney,Zamora,CourtneyZamora1421@outlook.com,nuoyt379081,Courtney Zamora Solutions,Poland,155 Main St,Krakow,30-001,Lesser Poland,+48,7624550527
Chris,Burns,ChrisBurns8282@outlook.com,dgfypxgn667913,Chris Burns Games,Belgium,842 Queen St,Brussels,1000,Brussels,+32,8270302432
Megan,Nelson,MeganNelson4876@outlook.com,nzolql595833,Megan Nelson Creative,United Kingdom,786 Main St,London,SW1A 1AA,England,+44,7289944398
Joy,Luna,JoyLuna7708@outlook.com,ozry4989348,Joy Luna Lab,Germany,559 Queen St,Berlin,10115,Berlin,+49,8535371803
